gamma,beta,lambda_1,lambda_2,lambda_3,n,mean_delta,std_delta,lcb,t_stat,p_value,caa_sharpe_mean,aa_sharpe_mean,p_fdr
11.513941663317382,4.902621794678271,6.043311521969735,4.517239795066416,4.3772963813506065,40.0,0.2231403349384542,0.061968483894811126,0.1993717525296337,22.773889303347918,3.892967155229814e-24,3.133537480550379,2.910397145611925,9.965995917388324e-23
8.593527323566377,2.3907039877027274,6.449239488504827,3.990474861115217,2.8740833469666542,40.0,0.19091813978956645,0.10620394920833608,0.15018263747865881,11.36937322722575,5.980516247521952e-14,2.9137492687533078,2.7228311289637412,3.97665495939122e-13
15.012584791518748,3.0794980318285528,8.569889453332872,8.297465536743402,18.607819492835553,40.0,0.16354178428932525,0.06118802554454,0.14007255386475792,16.904109140954542,1.515482502080445e-19,3.222831583213533,3.0592897989242074,2.097100110986994e-18
13.273486747406423,2.4695776122622193,7.698594703152776,68.20556168537587,12.855784035567194,40.0,0.15710385636608026,0.05296038725025017,0.13679041234351283,18.761419283633003,4.0159349539867515e-21,3.0647498563236155,2.907645999957535,7.343423915861488e-20
7.875530905090272,4.592665719054639,7.924362752866,37.78502635192126,10.702428558934479,40.0,0.15280933052263623,0.0562865919077162,0.13122009008646307,17.170182659816515,8.843067577666002e-20,3.060927586147061,2.908118255624425,1.2936144570757122e-18
15.573144622147083,4.556201838701964,9.566870120726525,12.917858347296715,20.242422284092754,40.0,0.14230485585184072,0.030519236919967153,0.13059892160600875,29.490086385439135,2.815529879555784e-28,3.195706077855049,3.0534012220032083,1.3105011803023284e-26
15.868597039952874,3.4355362853035336,7.547697482164949,54.402906101197004,12.407362188864498,40.0,0.14233154231016396,0.05213204383308341,0.12233581703003264,17.26737812259377,7.275117768783533e-20,3.0621754043523604,2.919843862042196,1.0955471463579909e-18
12.2734758220613,2.718382481765002,2.0419261605478822,179.4498076820746,13.7849374756217,40.0,0.15975137824112434,0.10607729664104858,0.11906445468821844,9.524718871795388,9.975550818083331e-12,3.6219245392241968,3.4621731609830717,4.911040402748717e-11
17.20317463390529,3.515652892459184,9.506018886715173,46.70129392389208,16.47152490383014,40.0,0.14267512732597729,0.062424589307465236,0.11873160148774871,14.455148934417148,2.981554353850165e-17,3.07533991035402,2.9326647830280423,3.053111658342569e-16
15.529018562287092,1.6712462744675578,9.236257363762707,80.18292848207057,15.010447541158646,40.0,0.1389404434027317,0.05309010203002674,0.11857724608237512,16.551795663072916,3.123950453840021e-19,3.041758303925812,2.90281786052308,4.10118623683613e-18
6.837538252584636,4.8188037757761775,9.767365792766213,64.0925794634968,17.78460268890485,40.0,0.13765127948690456,0.05128487479611182,0.11798049368897262,16.975436432108985,1.3108692881733091e-19,3.0822828662781525,2.944631586791248,1.864347432068706e-18
4.685510413721204,1.3100188004784288,8.094330667704345,48.86778501048684,14.176809074822813,40.0,0.14249537782639426,0.06564177115832227,0.11731787227557407,13.72936598224405,1.6109585119084584e-16,3.08007620063644,2.9375808228100455,1.3746845968285512e-15
10.247204220853746,3.3580032790079715,4.4085833682678635,9.447775285691023,8.176251693814992,40.0,0.12354845693604537,0.02017049644661719,0.11581187735743177,38.73920766909582,9.539636146171297e-33,3.150283841502938,3.026735384566893,6.977562438342435e-31
9.932793241925538,0.9624066443182528,6.436690037697553,43.19118927139789,11.518022397253661,40.0,0.12759958099966212,0.049337476711391194,0.10867573766264356,16.35694937552064,4.684150586494639e-19,3.062915558816561,2.9353159778168996,5.849475854354281e-18
1.3013706598430872,4.259441519062966,2.5994355158880356,11.038504160940647,3.371217212639749,40.0,0.13241262535948095,0.07546389788316092,0.10346775269208759,11.097372355370116,1.2369758617236852e-13,3.043052922248279,2.910640296888798,7.630501701235263e-13
2.5818658880889416,4.856579095497727,6.56559713287279,29.37539133988321,13.501460329908877,40.0,0.10896743402673667,0.04700951511909403,0.09093650178699472,14.660235547448124,1.870759033898472e-17,3.1065131721179586,2.9975457380912216,1.9547522966449338e-16
19.623949614353478,1.885140950791538,2.221553487889469,193.26558152027428,11.093290114030241,40.0,0.14499285045438565,0.14829236888420438,0.0881139473589598,6.183833400544957,2.876835900264256e-07,3.509169685127516,3.364176834673131,7.876684390028337e-07
5.32312348857522,3.8397933291271333,8.856568852066994,23.53026786632836,11.681838315632193,40.0,0.10180895357365376,0.03860574438343757,0.08700136495507163,16.678770718339287,2.4038112437378716e-19,3.0902384569649906,2.988429503391336,3.2388193599836583e-18
18.56599149480462,2.1281344057060783,6.640140362456441,73.79731856100261,10.202950362954288,40.0,0.10549262530307849,0.0657549353666514,0.08027171457849341,10.146674784129658,1.691484721215514e-12,3.029172779353448,2.9236801540503694,9.516925024860915e-12
5.947176379151642,3.4707773308269685,8.052889768127352,21.830958945676684,0.6453066584654152,40.0,0.08167588264212795,0.0037165798467893463,0.0802503542313099,138.9889789543245,3.439429641595776e-54,2.050180256989408,1.9685043743472803,1.7609879764970372e-51
3.2844294998794794,0.19248717175796629,5.510228868108243,5.613086976110935,10.940626924764365,40.0,0.09849955582577144,0.07041400885798087,0.07149161457748676,8.847186802063211,7.289574059796323e-11,3.151776983972885,3.0532774281471142,3.217467171220446e-10
16.631650069728494,2.317357920110226,0.5569802327081561,61.40274802967906,4.868290606513619,40.0,0.12701453947957614,0.14481273998282512,0.071470280078757,5.54723625504876,2.2020440394934357e-06,3.6472776406953074,3.5202631012157313,5.4730414962166944e-06
2.2685859287157655,4.081799333542586,0.5395020334050059,187.58879599999636,7.05382259171456,40.0,0.12590216440086244,0.14646277013954775,0.06972502074514247,5.436707246112493,3.132758575232652e-06,3.486419430672025,3.360517266271162,7.601764883976862e-06
11.957345956005156,3.168070983048529,6.223856202512979,39.16323421150446,6.6002518623135975,40.0,0.0868496640826265,0.049289734266957354,0.06794413279963286,11.144014331021936,1.0913008257634335e-13,2.933276373618461,2.8464267095358347,6.813975887693634e-13
2.121454152278602,2.753687730897218,0.5894971236586571,154.59467892162502,4.586440712772309,40.0,0.12181879298122604,0.15016191130827636,0.06422280968017874,5.130793078976687,8.282364671875665e-06,3.5385840227545744,3.416765229773348,1.9188102769232313e-05
4.02421214338392,2.261407995782793,6.949599292967468,108.72086981963366,6.950759566854685,40.0,0.11800075908923562,0.14652836200556915,0.061798457069539466,5.093227812600787,9.328308881743773e-06,2.8931724331627797,2.7751716740735444,2.1227085099790274e-05
1.5441591888666153,4.47731604790315,5.847496006265282,71.71585463639349,7.92003514310345,40.0,0.0981171691297109,0.09474602760674533,0.061776458117610844,6.54958819604924,8.951532764132599e-08,3.0069980324878554,2.9088808633581444,2.6340142386413165e-07
19.86471827980131,4.281857856083661,9.784609976876528,159.42801123019308,8.599829587806015,40.0,0.11379604340973422,0.1397714137305666,0.060185431097650614,5.149188611397111,7.813469783228123e-06,2.8589073086296266,2.7451112652198923,1.8184075131876358e-05
12.611451828852296,2.3317633042111994,1.294186241272837,154.13584045600146,10.510291299410163,40.0,0.09976420890219245,0.12171664119940839,0.05307867078601435,5.18387832570766,6.999756545866917e-06,3.6133874775153316,3.5136232686131392,1.63647276323464e-05
2.883135190233588,3.7380906144157056,5.800848031230271,87.59758612699807,5.697097507771104,40.0,0.10942566649805299,0.15098086667125127,0.051515565329170544,4.583817118619281,4.611302989204396e-05,2.89623451803905,2.786808851540997,9.186720352033662e-05
13.566547208465636,1.274752121884376,9.387243678513915,23.98844765778631,4.978313613217323,40.0,0.0783315843368734,0.07204495080464149,0.05069808029236141,6.876435238488126,3.1685493322353036e-08,2.6463249429060958,2.5679933585692227,9.892056451856558e-08
1.9112858148291707,3.609482197556645,8.475915540568531,115.68172023911029,9.42128543695435,40.0,0.09334785214888644,0.11313908038861789,0.04995231643689842,5.218211540365704,6.27731675846818e-06,2.9256153256068536,2.832267473457967,1.4810996222745198e-05
12.296644638292491,1.8633079817518594,7.0048732832074165,13.801413213834167,16.08689681822434,40.0,0.06869030960233463,0.049496370851365545,0.04970552095533125,8.777121546054506,8.983033916644559e-11,3.136897114045726,3.0682068044433914,3.9310370643777906e-10
18.809828778728843,1.7086862285621467,4.93895605225116,10.10788003820926,2.2464068342000245,40.0,0.06772085587925344,0.049034880827373915,0.048913075978901224,8.73468625031895,1.0197470657758611e-10,2.5545354645357072,2.4868146086564535,4.3874831737583265e-10
12.332697171717882,4.763247360382229,8.233658874966205,194.09411059133708,7.620800352003425,40.0,0.1264074226097633,0.20306262310186446,0.04852088435685528,3.937064955551118,0.0003303976287133808,2.881294364988462,2.754886942378699,0.0005873735621571214
9.872541522607207,4.882598054036498,1.4680829578079284,153.07147953100502,9.190200274437665,40.0,0.09712320468080486,0.1313580576318314,0.04673961254412182,4.6762344995522325,3.459058126950844e-05,3.5075847364467547,3.41046153176595,7.170193364367741e-05
18.199628272093832,1.2124502158723773,8.95947846453637,116.70649955421686,10.254840995464473,40.0,0.08171984085179519,0.09658384720975792,0.04467421721409501,5.351222478369838,4.113075463058786e-06,2.9360239770479017,2.854304136196107,9.840629145262142e-06
2.620101752690971,1.7700194719247522,7.831808190513402,160.01563624851406,9.518682613503188,40.0,0.1001937164966094,0.15613471401040996,0.04030680974037045,4.058551019542614,0.00022978202978565906,2.9317894910158935,2.831595774519284,0.00041719290514275685
16.184171084314585,0.8939907056279481,0.5695246309041977,94.40957377571613,8.84629842750728,40.0,0.08901160215753609,0.13015115835049504,0.03909092734954359,4.325422909269117,0.00010228097683028866,3.536402335623035,3.4473907334654994,0.0001954024631981634
8.316224587149918,4.704951734002679,4.145558091718703,50.16825745720416,5.903815484046936,40.0,0.07499111400457195,0.0955033591099184,0.0383599215233025,4.966165101163855,1.39346458092679e-05,2.9941150376249785,2.9191239236204063,3.1019733279761587e-05
14.608353692106903,2.0903939783573153,9.683765923511237,32.132610293105245,9.00429718149826,40.0,0.06042304439348737,0.06005653255459436,0.03738780852044363,6.363152693545577,1.6222402881251263e-07,2.9111816251249123,2.850758580731425,4.640150991732205e-07
17.884055289439857,3.7204220678657296,1.7105648149736228,131.79271315131336,7.87701541557908,40.0,0.08561721392987218,0.1274715828187139,0.03672431498220103,4.247933491519241,0.00012957624415719547,3.4173357587303785,3.3317185448005056,0.0002448082546438527
11.294883452355862,4.685453236289322,8.839332099352031,105.2591475090012,14.581903961021453,40.0,0.06965384646685283,0.09891207234547918,0.03171521064736984,4.453749626387121,6.895932815655464e-05,3.0410268550867263,2.9713730086198735,0.00013424781755192386
19.201806178316474,2.733037643413991,7.153946861904115,3.0942789735272527,8.743018466699867,40.0,0.10753662532364446,0.2009809709121295,0.03044852392941777,3.384008609049215,0.0016389600749074802,3.1046514998556534,2.997114874532009,0.0027069276075891288
6.135272555984557,0.3079838965088129,8.343519515916705,88.27470872923732,8.267875762376933,40.0,0.05829353317282321,0.08346324309294714,0.026280438017396247,4.417281928031872,7.715693682681585e-05,2.892113976639496,2.833820443466673,0.00014963769566412772
8.221410777419806,1.9917742598801853,8.626803633663803,101.47725043259561,15.98690988747403,40.0,0.05243908132241568,0.06948413560098586,0.025787801521200793,4.773087668180627,2.555913833867823e-05,3.0617236429250205,3.0092845616026045,5.408326991349484e-05
7.472214926965535,0.5388282707892359,9.014753653388471,12.070247926749289,13.593703000526874,40.0,0.05615176661980751,0.08187094543063186,0.02474941188963213,4.337740970910279,9.849585384677692e-05,3.0856619613286016,3.029510194708794,0.00018887594445524263
6.987560139037669,3.395445861667395,9.924048465676606,79.28218303527683,21.555506017711014,40.0,0.04559384310636748,0.055227332340469,0.02441089142754369,5.221341874984489,6.215252890528045e-06,3.087547219534961,3.0419533764285935,1.4732451296066476e-05
13.972518128342927,2.6954492347314956,9.097746914252639,93.58711473736912,9.880759863462298,40.0,0.05035370720270564,0.0714863176349288,0.022934472052574793,4.454905740339139,6.87139457931907e-05,2.905300010609081,2.854946303406376,0.00013424781755192386
3.197836086153984,1.1942300722934307,3.8064754710532727,66.29186081048101,3.081566826440394,40.0,0.07605895282110561,0.1389350220251538,0.02276914624649823,3.462331151010113,0.001313993417747702,2.787912893235127,2.711853940414021,0.002198577221852364
10.584111636504531,0.4783446106128395,8.034221660438925,131.15843550581485,11.22768356008455,40.0,0.06289605328675864,0.10727237138441631,0.02175074781554323,3.7082201438192626,0.0006480899251707368,2.995693766157437,2.9327977128706784,0.0011172459316074654
11.92136430926621,0.40540630370378494,9.942785613425077,169.71086589992046,16.820761200133713,40.0,0.06248568691562136,0.10793147302568037,0.021087576942963475,3.661528676932452,0.0007422465412817805,3.0325228907726967,2.9700372038570757,0.0012710041108236509
14.974427634850144,1.097100535593927,7.36472644181922,176.25438563153148,8.36139495326206,40.0,0.0900884645383532,0.18460735504007753,0.019280614228626994,3.086385575338082,0.003718849316841588,2.9318274043052113,2.841738939766858,0.005822785474687746
3.98589176684618,4.374499195907265,8.211580872442573,77.57910369616002,17.195500668603927,40.0,0.04220624273241554,0.06197208072835109,0.018436280724982466,4.307354439087039,0.00010809218704113549,3.0716499472045387,3.029443704472123,0.00020497481394467175
13.08099580835551,3.7949461158365017,8.644331990275532,48.40969603229314,20.831512593198568,40.0,0.03288452682337761,0.04055583014867589,0.017328964859279837,5.1282394742039346,8.349623932157765e-06,3.095637798048834,3.0627532712254566,1.925679033002151e-05
13.042831856757402,2.218997147213668,7.377289722766727,166.5183124365285,6.101902774255723,40.0,0.08157381796884068,0.17098536669812608,0.015990806676109956,3.0173232622056183,0.0044752813069983376,2.8336458107253177,2.7520719927564774,0.0069224895141484855
13.882411169819534,3.6678819214925173,2.442937263287604,26.68280622549355,2.2409627085551618,40.0,0.05859790345073858,0.11183770654099291,0.015701521656965887,3.3137811342197625,0.0019944809002685523,2.867988821755937,2.8093909183051986,0.0032521472004378945
11.57335045747459,2.1033121013082567,1.8521616907790304,145.99867711402476,17.58737347610295,40.0,0.05720363520062146,0.10931554206243108,0.01527465280876178,3.3095710685318056,0.0020179793666938004,3.6695894679933714,3.612385832792751,0.0032800172563403995
19.28727835789323,3.5535417652688923,3.903319645021111,66.7853306364268,4.096717105805873,40.0,0.06472433829262803,0.13138918937590854,0.014328805288940968,3.115573359180611,0.003436917075672996,2.9051482562639825,2.8404239179713544,0.005431177601063499
9.55609878897667,2.528873307164759,9.374305259622634,199.39741229172796,12.06308298120275,40.0,0.06868180910863232,0.14532934015975163,0.012939402954722817,2.98894841696016,0.004826223115824893,2.97284322111238,2.9041614120037478,0.007442850106332366
2.966927553527057,0.948350649420172,1.6292048936709762,163.77868530992419,15.87764532007277,40.0,0.0662743547287698,0.14105998481827994,0.012169499114882541,2.971472195617367,0.005055069824835457,3.6087239250266636,3.5424495702978938,0.007772359610557819
3.6478082444518805,0.7704570800065994,9.887522502895445,53.80009339842945,7.2946523050777605,40.0,0.029055067344488827,0.06311765375490265,0.004845710257887246,2.9113943536289337,0.005921828049948044,2.7708053192993622,2.7417502519548735,0.009050674512159398
9.594391419552267,4.107220804691314,5.632187387347221,19.004510446451604,14.486580688413232,40.0,0.013444025041948304,0.026432661949709092,0.0033055342422926154,3.2167581255179085,0.0026081592210784772,3.134411411894356,3.1209673868524077,0.004199300381107485
